Rank,Name,Platform,Year,Genre,Publisher,NA_Sales,EU_Sales,JP_Sales,Other_Sales,Global_Sales
10689.0,Generator Rex: Agent of Providence,3DS,2011.0,Action,Activision,0.07,0.02,0.0,0.01,0.1
10856.0,Bleach,DS,2008.0,Sports,Electronic Arts,0.07,0.02,0.0,0.01,0.09
12101.0,Family Trainer: Treasure Adventure,Wii,2010.0,Sports,Namco Bandai Games,0.0,0.06,0.0,0.01,0.07
2973.0,Shark Tale,GBA,2004.0,Action,Activision,0.49,0.18,0.0,0.01,0.68
8504.0,Medieval Games,Wii,2009.0,Action,Vir2L Studios,0.14,0.01,0.0,0.01,0.16
15102.0,Daito Giken Koushiki Pachi-Slot Simulator: Hihouden - Fuujirareta Megami Portable,PSP,2011.0,Misc,Paon,0.0,0.0,0.02,0.0,0.02
661.0,WCW/nWo Revenge,N64,1998.0,Fighting,THQ,1.94,0.39,0.03,0.02,2.38
12769.0,Angelique Trois,PS2,2000.0,Adventure,Tecmo Koei,0.0,0.0,0.06,0.0,0.06
15454.0,UFO: Trilogy,PC,2007.0,Strategy,Unknown,0.0,0.02,0.0,0.0,0.02
10758.0,Wasteland 2,PC,2015.0,Role-Playing,inXile Entertainment,0.02,0.06,0.0,0.01,0.1
12558.0,Top Gun: Hard Lock,X360,2012.0,Action,505 Games,0.03,0.02,0.0,0.0,0.06
6955.0,New Carnival Games,DS,2010.0,Misc,Take-Two Interactive,0.16,0.05,0.0,0.02,0.23
16089.0,"Iza, Shutsujin! Koisen",PSP,2011.0,Adventure,Quinrose,0.0,0.0,0.01,0.0,0.01
5398.0,Harry Potter and the Half-Blood Prince,PS3,2009.0,Action,Electronic Arts,0.15,0.13,0.0,0.06,0.34
8788.0,Blazing Angels 2: Secret Missions of WWII,PS3,2007.0,Simulation,Ubisoft,0.1,0.03,0.0,0.02,0.15
2698.0,ISS Pro Evolution,PS,1998.0,Sports,Konami Digital Entertainment,0.0,0.0,0.71,0.05,0.76
1932.0,Skylanders SWAP Force,PS3,2013.0,Platform,Activision,0.43,0.44,0.0,0.2,1.07
999.0,Hitman: Absolution,X360,2012.0,Action,Square Enix,0.68,0.9,0.01,0.17,1.76
4821.0,Cabela's Big Game Hunter 2010,PS3,2009.0,Sports,Activision Value,0.37,0.0,0.0,0.03,0.4
11578.0,Motto! Stitch! DS Rhythm de Rakugaki Daisakusen,DS,2010.0,Misc,Disney Interactive Studios,0.0,0.0,0.08,0.0,0.08
319.0,The Legend of Zelda: Link's Awakening,GB,1992.0,Action,Nintendo,2.21,0.96,0.54,0.13,3.83
10708.0,Little League World Series Baseball 2010,X360,2010.0,Sports,Activision,0.09,0.0,0.0,0.01,0.1
14232.0,Utawarerumono Portable,PSP,2009.0,Role-Playing,Aqua Plus,0.0,0.0,0.03,0.0,0.03
689.0,Need For Speed: High Stakes,PS,1999.0,Racing,Electronic Arts,1.58,0.64,0.0,0.09,2.31
611.0,Game Party,Wii,2007.0,Misc,Midway Games,1.5,0.78,0.0,0.24,2.52
6101.0,Kung Zhu,DS,2010.0,Action,Activision,0.26,0.0,0.0,0.02,0.29
12128.0,Lost in Blue 2,DS,2007.0,Adventure,Konami Digital Entertainment,0.01,0.01,0.05,0.0,0.07
5539.0,NCAA GameBreaker 2001,PS,2000.0,Sports,Sony Computer Entertainment,0.18,0.12,0.0,0.02,0.33
2559.0,World Soccer Jikkyou Winning Eleven 3: World Cup France '98,PS,1998.0,Sports,Konami Digital Entertainment,0.0,0.0,0.75,0.05,0.81
9994.0,FIFA Soccer,PSP,2005.0,Sports,Electronic Arts,0.11,0.0,0.0,0.01,0.12
6254.0,R.U.S.E.,PC,2010.0,Strategy,Ubisoft,0.04,0.19,0.0,0.05,0.28
5077.0,Dragon Ball Z: Attack of the Saiyans,DS,2009.0,Role-Playing,Namco Bandai Games,0.13,0.02,0.21,0.01,0.38
11990.0,MLB Front Office Manager,X360,2009.0,Sports,Take-Two Interactive,0.06,0.0,0.0,0.01,0.07
4804.0,Gauntlet: Seven Sorrows,PS2,2005.0,Role-Playing,Midway Games,0.2,0.15,0.0,0.05,0.4
3868.0,SSX On Tour,PS2,2005.0,Sports,Electronic Arts,0.25,0.2,0.0,0.07,0.52
10321.0,Hitman Trilogy,PS2,2007.0,Action,Eidos Interactive,0.05,0.04,0.0,0.01,0.11
15690.0,World Class Rugby 2: Kokunai Gekitou Hen '93,SNES,1994.0,Sports,Misawa,0.0,0.0,0.02,0.0,0.02
15203.0,Indigo Prophecy,PC,2005.0,Adventure,Atari,0.0,0.02,0.0,0.0,0.02
6096.0,Ratatouille: Food Frenzy,DS,2007.0,Puzzle,THQ,0.26,0.0,0.0,0.02,0.29
13413.0,Arslan: The Warriors of Legend,PS3,2015.0,Action,Tecmo Koei,0.0,0.0,0.05,0.0,0.05
12455.0,Champion Jockey: G1 Jockey & Gallop Racer,X360,2011.0,Sports,Tecmo Koei,0.0,0.05,0.0,0.01,0.06
8686.0,Street Racer,PS,1996.0,Racing,Ubisoft,0.09,0.06,0.0,0.01,0.16
7081.0,Saka-Tsuku DS: Touch and Direct,DS,2008.0,Sports,Sega,0.0,0.0,0.23,0.0,0.23
8572.0,The King of Fighters XII,PS3,2009.0,Fighting,Ignition Entertainment,0.11,0.01,0.03,0.01,0.16
4702.0,Mass Effect Trilogy,X360,2012.0,Action,Electronic Arts,0.28,0.1,0.0,0.03,0.41
7164.0,Discovery Kids: Dolphin Discovery,DS,2008.0,Simulation,505 Games,0.21,0.0,0.0,0.01,0.22
15743.0,TV Anime Idolm@ster: Cinderella Girls G4U! Pack Vol.4,PS3,2015.0,Action,Namco Bandai Games,0.0,0.0,0.02,0.0,0.02
14399.0,Otomedius Gorgeous,X360,2008.0,Shooter,Konami Digital Entertainment,0.0,0.0,0.03,0.0,0.03
5496.0,Super Power League 2,SNES,1994.0,Sports,Hudson Soft,0.0,0.0,0.33,0.0,0.33
4636.0,Super Famista 4,SNES,1995.0,Sports,Namco Bandai Games,0.0,0.0,0.42,0.0,0.42
13377.0,Time Travelers,PSV,2012.0,Adventure,Level 5,0.0,0.0,0.05,0.0,0.05
6161.0,Sly Cooper: Thieves in Time,PSV,2013.0,Platform,Sony Computer Entertainment Europe,0.16,0.06,0.0,0.05,0.28
3914.0,SpongeBob SquarePants: Creature from the Krusty Krab,Wii,2006.0,Platform,THQ,0.45,0.02,0.0,0.04,0.51
9309.0,World Championship Poker 2: Featuring Howard Lederer,PSP,2005.0,Misc,505 Games,0.12,0.0,0.0,0.01,0.14
14814.0,Sengoku Basara: Sanada Yukimura-Den,PS4,2016.0,Action,Capcom,0.0,0.0,0.03,0.0,0.03
7104.0,The Raiden Project,PS,1995.0,Shooter,Ocean,0.06,0.04,0.12,0.01,0.23
12515.0,Bust-A-Move '99,N64,1998.0,Puzzle,Acclaim Entertainment,0.05,0.01,0.0,0.0,0.06
9762.0,Gundam Memories: Tatakai no Kioku,PSP,2011.0,Action,Namco Bandai Games,0.0,0.0,0.12,0.0,0.12
11983.0,Aero Gauge,N64,1997.0,Racing,ASCII Entertainment,0.06,0.01,0.0,0.0,0.07
4630.0,Wolfenstein: The Old Blood,PS4,2015.0,Action,Bethesda Softworks,0.09,0.25,0.02,0.06,0.42
12925.0,Wakeboarding Unleashed Featuring Shaun Murray,XB,2003.0,Sports,Activision,0.04,0.01,0.0,0.0,0.05
8580.0,NBA 2K12,PC,2011.0,Sports,Take-Two Interactive,0.09,0.05,0.0,0.02,0.16
3926.0,Final Fantasy II Anniversary Edition,PSP,2007.0,Role-Playing,Square Enix,0.36,0.03,0.07,0.04,0.51
1062.0,Saints Row IV,X360,2013.0,Action,Deep Silver,1.01,0.53,0.01,0.14,1.69
1206.0,Ni no Kuni: Wrath of the White Witch,PS3,2011.0,Role-Playing,Namco Bandai Games,0.6,0.51,0.21,0.23,1.55
9505.0,Nicktoons: MLB,X360,2011.0,Sports,Take-Two Interactive,0.12,0.0,0.0,0.01,0.13
3612.0,Catz,DS,2006.0,Simulation,Ubisoft,0.49,0.02,0.0,0.04,0.56
10093.0,Coraline,PS2,2009.0,Action,D3Publisher,0.06,0.04,0.0,0.01,0.11
14201.0,Monster Guardians,GBA,2001.0,Role-Playing,Konami Digital Entertainment,0.0,0.0,0.03,0.0,0.03
2019.0,Epic Mickey 2: The Power of Two,Wii,2012.0,Action,Disney Interactive Studios,0.72,0.23,0.0,0.08,1.03
702.0,Mario Bros.,NES,1983.0,Platform,Nintendo,0.51,0.12,1.63,0.02,2.28
13724.0,Metal Max Returns,SNES,1995.0,Role-Playing,Data East,0.0,0.0,0.04,0.0,0.04
7447.0,StokEd,X360,2009.0,Sports,Zushi Games,0.18,0.01,0.0,0.01,0.21
9091.0,PaRappa The Rapper 2,PS2,2001.0,Misc,Sony Computer Entertainment,0.07,0.05,0.0,0.02,0.14
1029.0,Twisted Metal III,PS,1998.0,Action,989 Studios,1.48,0.2,0.0,0.05,1.73
6687.0,NBA Showtime: NBA on NBC,N64,1999.0,Sports,Midway Games,0.23,0.02,0.0,0.0,0.25
12809.0,GRID,DS,,Racing,Codemasters,0.04,0.01,0.0,0.0,0.06
1657.0,Sly Cooper and the Thievius Raccoonus,PS2,2002.0,Platform,Sony Computer Entertainment,1.03,0.14,0.0,0.04,1.21
13155.0,Assassin's Creed: Altair's Chronicles,DS,2008.0,Platform,Ubisoft,0.03,0.01,0.0,0.0,0.05
13151.0,Harukanaru Toki no Naka de 3,PS2,2004.0,Adventure,Tecmo Koei,0.0,0.0,0.05,0.0,0.05
12207.0,The Guided Fate Paradox,PS3,2013.0,Role-Playing,Nippon Ichi Software,0.0,0.0,0.06,0.0,0.07
15988.0,Hotel Giant DS,DS,2008.0,Simulation,Nobilis,0.0,0.01,0.0,0.0,0.01
8416.0,Toukiden Kiwami,PS4,2015.0,Action,Tecmo Koei,0.05,0.07,0.02,0.02,0.17
751.0,Madden NFL 25,X360,2013.0,Sports,Electronic Arts,1.97,0.07,0.0,0.13,2.18
6692.0,Gex 64: Enter the Gecko,N64,1998.0,Action,GT Interactive,0.2,0.05,0.0,0.0,0.25
12719.0,Wantame Fortune Channel,DS,2007.0,Misc,Capcom,0.0,0.0,0.06,0.0,0.06
3115.0,Advance Wars 2: Black Hole Rising,GBA,2003.0,Strategy,Nintendo,0.47,0.17,0.0,0.01,0.65
724.0,Teenage Mutant Ninja Turtles II: The Arcade Game,NES,1990.0,Action,Konami Digital Entertainment,1.74,0.25,0.21,0.03,2.23
7426.0,Angel Blade: Neo Tokyo Guardians,PS,1997.0,Role-Playing,On Demand,0.12,0.08,0.0,0.01,0.21
5722.0,Namco Museum: Virtual Arcade,X360,2008.0,Misc,Atari,0.27,0.01,0.01,0.02,0.31
8061.0,Let's TAP,Wii,2008.0,Misc,Sega,0.09,0.06,0.01,0.02,0.18
7049.0,Luminous Arc 2,DS,2008.0,Role-Playing,Rising Star Games,0.21,0.0,0.0,0.02,0.23
7754.0,Arc Rise Fantasia,Wii,2009.0,Role-Playing,Marvelous Interactive,0.13,0.0,0.06,0.01,0.19
10340.0,Goal Storm '97,PS,1996.0,Sports,Konami Digital Entertainment,0.01,0.0,0.09,0.01,0.11
2484.0,Dynasty Warriors 2,PS2,2000.0,Action,THQ,0.24,0.19,0.34,0.06,0.83
13971.0,Garfield: The Search for Pooky,GBA,2003.0,Platform,Game Factory,0.03,0.01,0.0,0.0,0.04
11230.0,Edna & Harvey: Harvey's New Eyes,PC,2011.0,Adventure,Rondomedia,0.0,0.07,0.0,0.01,0.09
10134.0,Yu Yu Hakusho: Tournament Tactics,GBA,2004.0,Strategy,Atari,0.08,0.03,0.0,0.0,0.11
8245.0,Smash Court Tennis Pro Tournament,PS2,2002.0,Sports,Sony Computer Entertainment,0.08,0.07,0.0,0.02,0.17
14472.0,Lords of the Fallen,PC,2014.0,Role-Playing,Square Enix,0.0,0.03,0.0,0.0,0.03
16373.0,Gobliiins 4,PC,2009.0,Adventure,Kalypso Media,0.0,0.01,0.0,0.0,0.01
4180.0,FIFA Soccer 13,PSV,2012.0,Action,Electronic Arts,0.0,0.3,0.05,0.12,0.47
9244.0,Puyo Puyo!! 20th Anniversary,DS,2011.0,Puzzle,Sega,0.0,0.0,0.14,0.0,0.14
3014.0,The Darkness,PS3,2007.0,Shooter,Take-Two Interactive,0.2,0.34,0.0,0.13,0.67
13344.0,Chocobo to Mahou no Ehon: Majo to Shoujo to 5-Jin no Yuusha,DS,2008.0,Role-Playing,Square Enix,0.0,0.0,0.05,0.0,0.05
13669.0,Unison: Rebels of Rhythm & Dance,PS2,2000.0,Misc,Tecmo Koei,0.02,0.02,0.0,0.01,0.04
7102.0,MySims Party,Wii,2009.0,Simulation,Electronic Arts,0.18,0.03,0.0,0.02,0.23
2688.0,Sonic Unleashed,PS2,2008.0,Platform,Sega,0.37,0.04,0.0,0.36,0.76
9918.0,Don Bradman Cricket 14,PS4,2015.0,Sports,Tru Blu Entertainment,0.01,0.09,0.0,0.02,0.12
701.0,Yokai Watch Busters,3DS,2015.0,Action,Level 5,0.0,0.0,2.28,0.0,2.28
12060.0,Dynasty Warriors 8: Empires,XOne,2014.0,Action,Tecmo Koei,0.04,0.02,0.0,0.01,0.07
7575.0,MLB 12: The Show,PSV,2012.0,Sports,Sony Computer Entertainment,0.18,0.0,0.0,0.02,0.2
139.0,Driver,PS,1999.0,Action,GT Interactive,3.11,2.8,0.02,0.33,6.27
10980.0,Metal Slug X,PS,2001.0,Shooter,Virgin Interactive,0.05,0.03,0.0,0.01,0.09
6577.0,Choro Q3,PS,1998.0,Racing,Takara,0.0,0.0,0.24,0.02,0.26
5787.0,Math Play,DS,2006.0,Puzzle,Ubisoft,0.28,0.0,0.0,0.02,0.31
15441.0,Warship Gunner 2 Portable,PSP,2009.0,Simulation,Tecmo Koei,0.0,0.0,0.02,0.0,0.02
10326.0,Attack of the Movies 3D,Wii,2010.0,Shooter,Majesco Entertainment,0.1,0.0,0.0,0.01,0.11
7879.0,Warhammer: Shadow of the Horned Rat,PS,1996.0,Strategy,Mindscape,0.11,0.07,0.0,0.01,0.19
340.0,Tony Hawk's Pro Skater 4,PS2,2002.0,Sports,Activision,2.13,1.18,0.01,0.35,3.67
2322.0,X-Men Legends,XB,2004.0,Role-Playing,Activision,0.62,0.24,0.0,0.04,0.9
9943.0,CSI: Crime Scene Investigation,XB,2004.0,Adventure,Ubisoft,0.09,0.03,0.0,0.0,0.12
1123.0,Kinectimals,X360,2010.0,Simulation,Microsoft Game Studios,1.02,0.48,0.0,0.14,1.64
9562.0,Legend of the Guardians: The Owls of Ga'Hoole,Wii,2010.0,Action,Warner Bros. Interactive Entertainment,0.11,0.01,0.0,0.01,0.13
3133.0,Sengoku Basara: Samurai Heroes,PS3,2010.0,Action,Capcom,0.17,0.04,0.4,0.03,0.65
15197.0,Let's Play Flight Attendant,DS,2010.0,Simulation,Deep Silver,0.02,0.0,0.0,0.0,0.02
8809.0,GoldenEye 007 (2010),DS,2010.0,Action,Activision,0.11,0.03,0.0,0.01,0.15
4369.0,Dance Dance Revolution: Hottest Party 3,Wii,2009.0,Simulation,Konami Digital Entertainment,0.26,0.14,0.0,0.04,0.45
5427.0,Buzz! The Ultimate Music Quiz,PS3,2010.0,Misc,Sony Computer Entertainment,0.0,0.25,0.0,0.08,0.34
12558.0,Top Gun: Hard Lock,X360,2012.0,Action,505 Games,0.03,0.02,0.0,0.0,0.06
6256.0,Armored Core: Project Phantasma,PS,1997.0,Simulation,From Software,0.06,0.04,0.15,0.02,0.28
13470.0,The Hustle: Detroit Streets,PS2,2006.0,Sports,Activision,0.02,0.02,0.0,0.01,0.04
14730.0,"Hanayaka Kana, Ware ga Ichizoku Twin Pack",PSP,2011.0,Misc,Idea Factory,0.0,0.0,0.03,0.0,0.03
9502.0,FIFA World Cup Germany 2006,GC,2006.0,Sports,Electronic Arts,0.1,0.03,0.0,0.0,0.13
14683.0,Ghostbusters (2016),PS4,2016.0,Action,Activision,0.02,0.0,0.0,0.01,0.03
6393.0,The Sims 2: Pets,GC,2006.0,Simulation,Electronic Arts,0.21,0.05,0.0,0.01,0.27
9888.0,HardBall 5,PS,1996.0,Sports,SPS,0.07,0.04,0.0,0.01,0.12
1871.0,Lightning Returns: Final Fantasy XIII,PS3,2013.0,Role-Playing,Square Enix,0.31,0.22,0.45,0.12,1.1
6173.0,Remington Super Slam Hunting: Africa,Wii,2010.0,Sports,Mastiff,0.27,0.0,0.0,0.02,0.28
3895.0,Pro Evolution Soccer 2010,Wii,2009.0,Sports,Konami Digital Entertainment,0.12,0.27,0.06,0.05,0.51
11807.0,CSI: Dark Motives,DS,2007.0,Adventure,Ubisoft,0.05,0.01,0.0,0.01,0.07
885.0,Tom Clancy's Ghost Recon,PS2,2002.0,Shooter,Ubisoft,1.42,0.4,0.0,0.12,1.94
13303.0,Company of Heroes,PC,2006.0,Strategy,THQ,0.0,0.04,0.0,0.01,0.05
4493.0,Remington Great American Bird Hunt,Wii,2009.0,Sports,Mastiff,0.41,0.0,0.0,0.03,0.44
15918.0,Dream Dancer,DS,,Misc,,0.01,0.0,0.0,0.0,0.02
16043.0,Impossible Creatures,PC,2002.0,Strategy,Microsoft Game Studios,0.0,0.01,0.0,0.0,0.01
14746.0,RollerCoaster Tycoon 2: Triple Thrill Pack,PC,2003.0,Strategy,Atari,0.0,0.02,0.0,0.01,0.03
15095.0,Kimi ga Aruji de Shitsuji ga Ore de: Oshie Nikki,PS2,2008.0,Adventure,Minato Station,0.0,0.0,0.02,0.0,0.02
14481.0,Minna no Golf Jou Vol.1,PSP,2007.0,Sports,Sony Computer Entertainment,0.0,0.0,0.03,0.0,0.03
4388.0,Samurai Warriors: Xtreme Legends,PS2,2004.0,Action,Tecmo Koei,0.04,0.03,0.36,0.01,0.45
141.0,Gears of War 3,X360,2011.0,Shooter,Microsoft Game Studios,4.05,1.62,0.07,0.49,6.24
1292.0,Fight Night Round 3,X360,2006.0,Fighting,Electronic Arts,1.33,0.03,0.01,0.1,1.47
13959.0,GoPets: Vacation Island,DS,2008.0,Simulation,Konami Digital Entertainment,0.03,0.0,0.0,0.0,0.04
2616.0,Dragon Quest Monsters 2,3DS,2014.0,Role-Playing,Square Enix,0.0,0.0,0.79,0.0,0.79
11892.0,Eiken DS,DS,2007.0,Misc,Rocket Company,0.0,0.0,0.07,0.0,0.07
4790.0,Tak and the Power of Juju,GC,2003.0,Platform,THQ,0.31,0.08,0.0,0.01,0.4
16070.0,IL-2 Sturmovik,PC,2001.0,Simulation,Blue Byte,0.0,0.01,0.0,0.0,0.01
3161.0,Nicktoons Collection: Game Boy Advance Video Volume 1,GBA,2004.0,Misc,,0.46,0.17,0.0,0.01,0.64
2306.0,Crysis 3,PS3,2013.0,Shooter,Electronic Arts,0.26,0.43,0.03,0.18,0.9
2421.0,Madden Football 64,N64,1997.0,Sports,Electronic Arts,0.81,0.04,0.0,0.01,0.86
1152.0,Dollar Dash,PS2,2005.0,Action,Take-Two Interactive,1.3,0.23,0.0,0.07,1.6
4036.0,GoldenEye: Rogue Agent,XB,2004.0,Shooter,Electronic Arts,0.34,0.13,0.0,0.02,0.49
6523.0,Sengoku Basara: Battle Heroes,PSP,2009.0,Action,Capcom,0.0,0.0,0.26,0.0,0.26
3895.0,Pro Evolution Soccer 2010,Wii,2009.0,Sports,Konami Digital Entertainment,0.12,0.27,0.06,0.05,0.51
9479.0,Harvest Moon DS (jp sales),DS,2005.0,Simulation,Rising Star Games,0.0,0.0,0.13,0.0,0.13
7192.0,Galactic Wrestling: Featuring Ultimate Muscle,PS2,2004.0,Fighting,Namco Bandai Games,0.03,0.02,0.17,0.01,0.22
3732.0,Madden NFL 13,Wii,2012.0,Sports,Electronic Arts,0.51,0.0,0.0,0.03,0.54
11271.0,Virtua Fighter CG Portrait Series Vol.2: Jacky Bryant,SAT,1995.0,Misc,Sega,0.0,0.0,0.08,0.0,0.08
8899.0,Armored Core: For Answer,X360,2008.0,Simulation,Ubisoft,0.06,0.01,0.07,0.01,0.15
6124.0,Shadow Hearts,PS2,2001.0,Role-Playing,Midway Games,0.09,0.07,0.1,0.02,0.28
10465.0,Tom Clancy's Splinter Cell: Chaos Theory,GC,2005.0,Action,Ubisoft,0.08,0.02,0.0,0.0,0.1
3097.0,NHL 13,PS3,2012.0,Sports,Electronic Arts,0.33,0.22,0.0,0.1,0.65
882.0,Alleyway,GB,1989.0,Puzzle,Nintendo,0.96,0.38,0.55,0.05,1.94
14158.0,Clash of Elementalists,3DS,2013.0,Action,Unknown,0.0,0.03,0.0,0.0,0.03
7409.0,Cabela's Deer Hunt: 2004 Season,XB,2003.0,Sports,Activision Value,0.16,0.05,0.0,0.01,0.21
13960.0,Pia Carrot e Youkoso!! 2.5,DC,2008.0,Adventure,NEC Interchannel,0.0,0.0,0.04,0.0,0.04
11100.0,The Mummy: Tomb of the Dragon Emperor,Wii,2008.0,Action,Vivendi Games,0.08,0.0,0.0,0.01,0.09
5060.0,Just Dance 2015,PS4,2014.0,Misc,Ubisoft,0.19,0.13,0.0,0.06,0.38
13550.0,Casual Mania!,DS,2010.0,Puzzle,Foreign Media Games,0.04,0.0,0.0,0.0,0.04
1017.0,Xenosaga Episode I: Der Wille zur Macht,PS2,2002.0,Role-Playing,Namco Bandai Games,0.63,0.49,0.45,0.17,1.74
4803.0,Congo Bongo,2600,1982.0,Action,Sega,0.37,0.02,0.0,0.0,0.4
747.0,Hitman: Absolution,PS3,2012.0,Action,Square Enix,0.59,1.07,0.07,0.45,2.19
9681.0,After Hours Athletes,PS3,2011.0,Sports,Sony Computer Entertainment,0.0,0.1,0.0,0.03,0.12
8506.0,The Amazing Spider-Man (Console Version),Wii,2012.0,Action,Activision,0.11,0.04,0.0,0.01,0.16
807.0,Sim Theme Park,PC,1998.0,Strategy,Electronic Arts,2.04,0.04,0.0,0.0,2.08
6342.0,Reader Rabbit Kindergarten,DS,2008.0,Misc,Nordic Games,0.25,0.0,0.0,0.02,0.27
5885.0,Hard Hitter Tennis,PS2,2001.0,Sports,Midas Interactive Entertainment,0.15,0.11,0.0,0.04,0.3
11390.0,The Sims 2: Ikea Home Stuff,PC,2008.0,Simulation,Electronic Arts,0.0,0.07,0.0,0.02,0.08
12559.0,JoJo's Bizarre Adventure: All Star Battle,3DS,2012.0,Fighting,Take-Two Interactive,0.06,0.0,0.0,0.0,0.06
10831.0,Egg Monster Hero,DS,,Role-Playing,Square Enix,0.0,0.0,0.09,0.0,0.09
10191.0,Disney's Extreme Skate Adventure,XB,2003.0,Sports,Activision,0.08,0.02,0.0,0.0,0.11
4463.0,Yu-Gi-Oh! 5D's Tag Force 4,PSP,2009.0,Strategy,Konami Digital Entertainment,0.19,0.07,0.12,0.06,0.44
2540.0,NASCAR 2001,PS,2000.0,Racing,Electronic Arts,0.45,0.31,0.0,0.05,0.81
7448.0,Rollcage,PS,1999.0,Racing,Psygnosis,0.12,0.08,0.0,0.01,0.21
12689.0,Catwoman,XB,2004.0,Action,Electronic Arts,0.04,0.01,0.0,0.0,0.06
2164.0,Dragon Quest Monsters: Terry's Wonderland 3D,3DS,2012.0,Role-Playing,Square Enix,0.0,0.0,0.96,0.0,0.96
12267.0,Escape from Bug Island,Wii,2006.0,Action,Eidos Interactive,0.04,0.01,0.01,0.0,0.06
16582.0,PGA European Tour,N64,2000.0,Sports,Infogrames,0.01,0.0,0.0,0.0,0.01
15563.0,Downtown Nekketsu Koushinkyoku: Soreyuke Daiundoukai All-Star Special,PS3,2015.0,Action,Arc System Works,0.0,0.0,0.02,0.0,0.02
1766.0,Ninja Gaiden Sigma,PS3,2007.0,Action,Eidos Interactive,0.57,0.33,0.09,0.16,1.15
13807.0,Zac to Ombra: Maboroshi no Yuuenchi,DS,2010.0,Adventure,Konami Digital Entertainment,0.0,0.0,0.04,0.0,0.04
8453.0,The Sims 3: Seasons,PC,2012.0,Simulation,Electronic Arts,0.0,0.13,0.0,0.03,0.17
3495.0,NHL 06,PS2,2005.0,Sports,Electronic Arts,0.48,0.02,0.0,0.08,0.58
5052.0,Pokemon Channel,GC,2003.0,Adventure,Nintendo,0.24,0.06,0.07,0.01,0.38
7049.0,Luminous Arc 2,DS,2008.0,Role-Playing,Rising Star Games,0.21,0.0,0.0,0.02,0.23
3733.0,Rune Factory 2: A Fantasy Harvest Moon,DS,2008.0,Role-Playing,Rising Star Games,0.33,0.03,0.15,0.03,0.54
15208.0,FIFA Soccer 09,PC,2008.0,Sports,Electronic Arts,0.0,0.02,0.0,0.0,0.02
7656.0,Grandia II,DC,2000.0,Role-Playing,Ubisoft,0.0,0.0,0.2,0.0,0.2
14249.0,Legend of the Dragon,PSP,2007.0,Fighting,Game Factory,0.03,0.0,0.0,0.0,0.03
6883.0,Ghost Rider,PSP,2007.0,Action,Take-Two Interactive,0.22,0.0,0.0,0.02,0.24
6203.0,Silent Hill 2: Restless Dreams,XB,2001.0,Action,Konami Digital Entertainment,0.21,0.06,0.0,0.01,0.28
5831.0,Virtua Cop 2,SAT,1996.0,Shooter,Sega,0.0,0.0,0.3,0.0,0.3
5564.0,NBA Live 06,GC,2005.0,Sports,Electronic Arts,0.25,0.07,0.0,0.01,0.33
643.0,Dino Crisis,PS,1998.0,Action,Capcom,0.81,0.76,0.7,0.14,2.41
15973.0,SBK Superbike World Championship,PS2,2008.0,Racing,Black Bean Games,0.01,0.01,0.0,0.0,0.02
11499.0,Pilot ni Narou! 2,PS2,2001.0,Simulation,Victor Interactive,0.0,0.0,0.08,0.0,0.08
7810.0,Avatar: The Last Airbender - Into the Inferno,Wii,2008.0,Adventure,THQ,0.17,0.01,0.0,0.01,0.19
9155.0,Bassmasters 2000,N64,1999.0,Sports,THQ,0.11,0.03,0.0,0.0,0.14
14947.0,BeatMania IIDX 11: IIDX Red,PS2,2006.0,Simulation,Konami Digital Entertainment,0.0,0.0,0.02,0.0,0.02
7735.0,Dexter's Lab Chess Challenge,GBA,2002.0,Misc,BAM! Entertainment,0.14,0.05,0.0,0.0,0.2
1307.0,Super Monkey Ball,GC,2001.0,Puzzle,Atari,0.95,0.37,0.1,0.04,1.46
764.0,Super Mario RPG: Legend of the Seven Stars,SNES,1996.0,Role-Playing,Nintendo,0.66,0.0,1.45,0.03,2.14
7809.0,Might & Magic: Clash of Heroes,DS,2009.0,Role-Playing,Ubisoft,0.16,0.02,0.0,0.01,0.19
15720.0,Without Warning,XB,,Shooter,Capcom,0.01,0.0,0.0,0.0,0.02
13836.0,SuperCar Challenge,PS3,2009.0,Racing,System 3 Arcade Software,0.0,0.03,0.0,0.01,0.04
5298.0,One Piece: Gigant Battle 2 Shin Sekai,DS,2011.0,Fighting,Namco Bandai Games,0.0,0.0,0.35,0.0,0.35
14464.0,Renai Revenge,PSV,2015.0,Adventure,TGL,0.0,0.0,0.03,0.0,0.03
10202.0,Naval Ops: Warship Gunner,PS2,2003.0,Simulation,Tecmo Koei,0.05,0.04,0.0,0.01,0.11
11976.0,Harry Potter and the Sorcerer's Stone,XB,2003.0,Action,Electronic Arts,0.05,0.02,0.0,0.0,0.07
3084.0,Shrek: Hassle at the Castle,GBA,2002.0,Action,TDK Mediactive,0.47,0.17,0.0,0.01,0.66
13184.0,"Lupin III: Lupin ni wa Shi o, Zenigata ni wa Koi o",PS2,2007.0,Adventure,505 Games,0.0,0.0,0.05,0.0,0.05
10364.0,Disney's Chicken Little: Ace In Action,Wii,,Shooter,Disney Interactive Studios,0.1,0.0,0.0,0.01,0.11
4328.0,The Powerpuff Girls: Relish Rampage,PS2,2002.0,Action,BAM! Entertainment,0.22,0.17,0.0,0.06,0.45
1312.0,LEGO Batman 2: DC Super Heroes,Wii,2012.0,Action,Warner Bros. Interactive Entertainment,0.94,0.4,0.0,0.11,1.46
1985.0,Sonic the Hedgehog,X360,2006.0,Platform,Sega,0.44,0.49,0.0,0.11,1.05
7883.0,Warriors: Legends of Troy,PS3,2011.0,Action,Tecmo Koei,0.06,0.05,0.07,0.02,0.19
2439.0,Army of Two: The 40th Day,PS3,2010.0,Shooter,Electronic Arts,0.44,0.27,0.01,0.12,0.85
2702.0,Super Monkey Ball: Touch & Roll,DS,2005.0,Misc,Sega,0.7,0.01,0.0,0.06,0.76
750.0,Forza Motorsport 5,XOne,2013.0,Racing,Microsoft Game Studios,1.21,0.78,0.01,0.17,2.18
8947.0,Code:Realize - Sousei no Himegimi,PSV,2014.0,Adventure,Idea Factory,0.09,0.0,0.03,0.03,0.15
4683.0,Scooby-Doo and the Cyber Chase,GBA,2001.0,Adventure,Ubisoft,0.3,0.11,0.0,0.01,0.41
2086.0,The Simpsons: Hit & Run,GC,2003.0,Racing,Vivendi Games,0.77,0.2,0.0,0.03,0.99
1474.0,WWF War Zone,N64,1998.0,Fighting,Acclaim Entertainment,1.08,0.24,0.0,0.02,1.33
2413.0,Winning Eleven: Pro Evolution Soccer 2007,PSP,2006.0,Sports,Konami Digital Entertainment,0.01,0.72,0.12,0.01,0.86
11988.0,Super Robot Spirits,N64,1998.0,Fighting,Banpresto,0.0,0.0,0.04,0.03,0.07
16552.0,E.T. The Extra-Terrestrial,GBA,2001.0,Action,NewKidCo,0.01,0.0,0.0,0.0,0.01
13096.0,Rave Master,GC,2002.0,Fighting,Konami Digital Entertainment,0.0,0.0,0.05,0.0,0.05
9999.0,Mystery P.I. - Portrait of a Thief,DS,2008.0,Adventure,Unknown,0.11,0.0,0.0,0.01,0.11
10144.0,Virtua Fighter CG Portrait Series Vol.1: Sarah Bryant,SAT,1995.0,Misc,Sega,0.0,0.0,0.11,0.0,0.11
10321.0,Hitman Trilogy,PS2,2007.0,Action,Eidos Interactive,0.05,0.04,0.0,0.01,0.11
255.0,Sonic the Hedgehog,GEN,1991.0,Platform,Sega,3.03,0.91,0.26,0.13,4.34
1481.0,Corvette,PS2,2004.0,Racing,TDK Mediactive,0.65,0.51,0.0,0.17,1.33
974.0,Dragon Quest Monsters: Joker,DS,2006.0,Role-Playing,Square Enix,0.23,0.03,1.49,0.03,1.78
11194.0,Invasion From Beyond,PS,1998.0,Shooter,GT Interactive,0.05,0.03,0.0,0.01,0.09
1347.0,Frogger 2: Swampy's Revenge,PS,1999.0,Action,Hasbro Interactive,0.8,0.54,0.0,0.09,1.43
1839.0,Rock Band,PS2,,Misc,Electronic Arts,0.71,0.06,0.0,0.35,1.11
12148.0,Freddi Fish: Kelp Seed Mystery,Wii,2008.0,Adventure,Majesco Entertainment,0.06,0.0,0.0,0.0,0.07
3147.0,NBA 2K17,XOne,2016.0,Sports,Take-Two Interactive,0.54,0.04,0.0,0.07,0.64
14214.0,RACE On,PC,2009.0,Racing,bitComposer Games,0.0,0.03,0.0,0.01,0.03
12613.0,Dragon Rage,PS2,2001.0,Shooter,3DO,0.03,0.02,0.0,0.01,0.06
16261.0,Championship Manager 2010,PC,2009.0,Sports,Eidos Interactive,0.0,0.01,0.0,0.0,0.01
2387.0,Kingdom Hearts Re: Chain of Memories,PS2,2008.0,Role-Playing,Square Enix,0.73,0.03,0.0,0.12,0.87
2991.0,Mercenaries: Playground of Destruction,XB,2005.0,Action,LucasArts,0.54,0.11,0.0,0.03,0.68
6233.0,Pokemon Box: Ruby & Sapphire,GC,2003.0,Misc,Nintendo,0.0,0.0,0.27,0.01,0.28
4015.0,RealSports Tennis,2600,1982.0,Sports,Atari,0.46,0.03,0.0,0.01,0.5
8356.0,NBA Live 16,PS4,2015.0,Sports,Electronic Arts,0.1,0.04,0.0,0.03,0.17
11176.0,Chou Jigen Game Neptune Mk-II,PS3,2011.0,Role-Playing,Compile Heart,0.0,0.0,0.09,0.0,0.09
3896.0,Goldeneye 007: Reloaded,X360,2011.0,Shooter,Activision,0.25,0.21,0.0,0.05,0.51
13393.0,To Love-Ru Trouble Darkness: Battle Ecstasy,PSV,2014.0,Action,FuRyu,0.0,0.0,0.05,0.0,0.05
3626.0,NCAA Football 07,XB,2006.0,Sports,Electronic Arts,0.42,0.12,0.0,0.01,0.56
6360.0,The Penguins of Madagascar,DS,2010.0,Action,THQ,0.13,0.12,0.0,0.02,0.27
14394.0,Timmy Time,DS,2011.0,Action,Avanquest,0.0,0.03,0.0,0.0,0.03
5146.0,Bottom of the 9th,N64,1999.0,Sports,Konami Digital Entertainment,0.37,0.0,0.0,0.0,0.37
10624.0,The Bard's Tale,XB,2004.0,Role-Playing,Ubisoft,0.08,0.02,0.0,0.0,0.1
6633.0,Galactic Attack,SAT,1994.0,Shooter,Acclaim Entertainment,0.0,0.0,0.25,0.0,0.25
10069.0,The Hardy Boys: Treasure on the Tracks,DS,2009.0,Adventure,Sega,0.11,0.0,0.0,0.01,0.11
14076.0,Hello Kitty: Roller Rescue,PC,2005.0,Action,Empire Interactive,0.0,0.03,0.0,0.0,0.04
8262.0,The Hobbit,GC,2003.0,Platform,Vivendi Games,0.13,0.03,0.0,0.0,0.17
13057.0,Battle vs. Chess,PS3,,Misc,TopWare Interactive,0.0,0.04,0.0,0.01,0.05
8854.0,J-League Victory Goal,SAT,1995.0,Sports,Sega,0.0,0.0,0.15,0.0,0.15
1958.0,Dora the Explorer: Dora Saves the Mermaids,DS,2007.0,Platform,Take-Two Interactive,0.97,0.01,0.0,0.08,1.06
6180.0,MLB 07: The Show,PSP,2007.0,Sports,Sony Computer Entertainment,0.26,0.0,0.0,0.02,0.28
603.0,Dragon Warrior II,NES,1987.0,Role-Playing,Enix Corporation,0.15,0.0,2.41,0.0,2.56
16494.0,Summer Athletics,PC,2008.0,Sports,DTP Entertainment,0.0,0.01,0.0,0.0,0.01
4377.0,Naruto Shippuden: Ultimate Ninja Storm Generations,X360,2012.0,Fighting,Namco Bandai Games,0.26,0.14,0.01,0.04,0.45
10125.0,Pac-Man and the Ghostly Adventures 2,X360,2014.0,Adventure,Namco Bandai Games,0.05,0.05,0.0,0.01,0.11
5668.0,Shin Momotarou Densetsu,SNES,1993.0,Role-Playing,Hudson Soft,0.0,0.0,0.32,0.0,0.32
7369.0,MVP Baseball,PSP,2005.0,Sports,Electronic Arts,0.2,0.0,0.0,0.02,0.21
13375.0,XBLAZE Code: Embryo,PSV,2013.0,Adventure,Arc System Works,0.03,0.0,0.01,0.01,0.05
15965.0,Imperium Romanum,PC,2008.0,Strategy,Kalypso Media,0.0,0.01,0.0,0.0,0.02
16158.0,Isshoni Gohan. Portable,PSP,2013.0,Adventure,Boost On,0.0,0.0,0.01,0.0,0.01
445.0,Personal Trainer: Cooking,DS,2006.0,Misc,Nintendo,0.91,1.0,1.03,0.17,3.12
15193.0,Fuel,PC,2009.0,Racing,Codemasters,0.0,0.02,0.0,0.0,0.02
13681.0,Hayate no Gotoku! Ojousama Produce Daisakusen Boku Iro ni Somare! Gakkou-Hen,DS,2008.0,Simulation,Konami Digital Entertainment,0.0,0.0,0.04,0.0,0.04
15869.0,San Goku Shi DS 2,DS,2007.0,Strategy,Tecmo Koei,0.0,0.0,0.02,0.0,0.02
11160.0,Star Wars: Empire at War,PC,2006.0,Strategy,LucasArts,0.01,0.06,0.0,0.02,0.09
3885.0,The 3rd Birthday,PSP,2010.0,Role-Playing,Square Enix,0.13,0.07,0.27,0.05,0.51
2789.0,Pirates of the Caribbean: At World's End,PS3,2007.0,Action,Disney Interactive Studios,0.17,0.41,0.0,0.15,0.74
2153.0,PlayStation All-Stars Battle Royale,PS3,2012.0,Action,Sony Computer Entertainment,0.5,0.28,0.04,0.14,0.96
15014.0,Peter Pan in Disney's Return to Never Land,PS,2002.0,Platform,Sony Computer Entertainment,0.01,0.01,0.0,0.0,0.02
7646.0,Treasure Hunter G,SNES,1996.0,Role-Playing,SquareSoft,0.0,0.0,0.2,0.0,0.2
2441.0,Castlevania III: Dracula's Curse,NES,1989.0,Platform,Konami Digital Entertainment,0.4,0.07,0.37,0.01,0.85
611.0,Game Party,Wii,2007.0,Misc,Midway Games,1.5,0.78,0.0,0.24,2.52
14291.0,Raw Danger!,PS2,2006.0,Action,505 Games,0.02,0.01,0.0,0.0,0.03
4368.0,Eternal Sonata,PS3,2008.0,Role-Playing,Atari,0.19,0.13,0.07,0.06,0.45
1962.0,Virtua Tennis 3,PS3,2007.0,Sports,Sega,0.23,0.59,0.03,0.22,1.06
5371.0,Iron Man 2,DS,2010.0,Action,Sega,0.15,0.16,0.0,0.03,0.34
10372.0,Jampack Volume 14 (RP-T),PS2,2006.0,Misc,Sony Computer Entertainment,0.05,0.04,0.0,0.01,0.11
11432.0,Adventure Time: The Secret of the Nameless Kingdom,3DS,2014.0,Action,Little Orbit,0.0,0.07,0.0,0.0,0.08
9532.0,Reader Rabbit Kindergarten,Wii,2010.0,Misc,Graffiti,0.12,0.0,0.0,0.01,0.13
3786.0,SingStar Dance,PS3,2010.0,Misc,Sony Computer Entertainment,0.09,0.32,0.0,0.12,0.53
15512.0,Mushihimesama,X360,2012.0,Action,Cave,0.0,0.0,0.02,0.0,0.02
13613.0,FIFA Soccer 2003 (weekly jp sales),PS2,2002.0,Sports,Electronic Arts,0.0,0.0,0.04,0.0,0.04
4622.0,The Adventures of Jimmy Neutron Boy Genius: Jet Fusion,PS2,2003.0,Action,THQ,0.21,0.16,0.0,0.05,0.42
7219.0,The Lord of the Rings: The Third Age,GBA,2004.0,Role-Playing,Electronic Arts,0.16,0.06,0.0,0.0,0.22
12366.0,Challenge Me: Brain Puzzles,DS,2009.0,Puzzle,Oxygen Interactive,0.06,0.0,0.0,0.0,0.06
3266.0,SpongeBob's Atlantis SquarePantis,Wii,2007.0,Action,THQ,0.57,0.01,0.0,0.04,0.62
7371.0,Ghostbusters II,2600,,Action,Activision,0.2,0.01,0.0,0.0,0.21
5248.0,Frogs And Flies,2600,1981.0,Action,Mattel Interactive,0.33,0.02,0.0,0.0,0.36
8237.0,Street Fighter: The Movie,PS,1995.0,Fighting,Acclaim Entertainment,0.1,0.07,0.0,0.01,0.17
15051.0,Total Immersion Racing,XB,2002.0,Racing,Empire Interactive,0.02,0.01,0.0,0.0,0.02
409.0,The Lord of the Rings: The Return of the King,PS2,2003.0,Action,Electronic Arts,1.5,1.28,0.05,0.46,3.28
6296.0,Resident Evil: Deadly Silence,DS,2006.0,Action,Capcom,0.12,0.03,0.11,0.01,0.27
8025.0,NARC,XB,2005.0,Shooter,Midway Games,0.14,0.04,0.0,0.01,0.18
10800.0,Tennis no Oji-Sama: Motto Gakuensai no Ouji-Sama - More Sweet Edition,DS,2010.0,Sports,Konami Digital Entertainment,0.0,0.0,0.1,0.0,0.1
16035.0,Shinobi Koutsutsu,PSP,2014.0,Adventure,Idea Factory,0.0,0.0,0.01,0.0,0.01
2500.0,I Spy: Fun House,DS,2007.0,Puzzle,Scholastic Inc.,0.77,0.0,0.0,0.06,0.83
1311.0,Mass Effect 3,PS3,2012.0,Role-Playing,Electronic Arts,0.63,0.59,0.03,0.21,1.46
3188.0,SingStar Queen,PS2,2009.0,Misc,Sony Computer Entertainment,0.08,0.12,0.0,0.44,0.63
12319.0,The Book of Unwritten Tales: The Critter Chronicles,PC,2011.0,Action,Crimson Cow,0.0,0.05,0.0,0.01,0.06
995.0,Def Jam: Fight for NY,PS2,2004.0,Fighting,Electronic Arts,0.86,0.67,0.0,0.22,1.76
5635.0,DiRT Rally,PS4,2016.0,Racing,Codemasters,0.03,0.24,0.0,0.05,0.32
8057.0,Summer Athletics: The Ultimate Challenge,PS2,2008.0,Sports,DTP Entertainment,0.0,0.0,0.0,0.18,0.18
856.0,Harry Potter and the Chamber of Secrets,PS,2002.0,Action,Electronic Arts,0.75,1.09,0.02,0.12,1.98
10303.0,Dr. Seuss' The Cat in the Hat,XB,2003.0,Misc,Vivendi Games,0.08,0.02,0.0,0.0,0.11
3099.0,Tom Clancy's EndWar,PS3,2008.0,Strategy,Ubisoft,0.32,0.22,0.01,0.1,0.65
9319.0,Tom Clancy's Ghost Recon,Wii,2010.0,Shooter,Ubisoft,0.11,0.01,0.0,0.01,0.14
4678.0,Ghostbusters: The Video Game,DS,2009.0,Action,Atari,0.26,0.12,0.0,0.04,0.41
4049.0,Bakugan Battle Brawlers: Defenders of the Core,DS,2010.0,Action,Activision,0.42,0.02,0.02,0.03,0.49
2061.0,1942,NES,1985.0,Shooter,Capcom,0.65,0.14,0.21,0.0,1.0
14841.0,World War II Combat: Road To Berlin,XB,2006.0,Shooter,Groove Games,0.02,0.01,0.0,0.0,0.03
5081.0,Harry Potter and the Prisoner of Azkaban,GC,2004.0,Action,Electronic Arts,0.29,0.08,0.0,0.01,0.38
292.0,Forza Motorsport 2,X360,2007.0,Racing,Microsoft Game Studios,2.35,1.28,0.03,0.41,4.06
10917.0,Ninja Gaiden Black,XB,2005.0,Action,Microsoft Game Studios,0.07,0.02,0.0,0.0,0.09
5942.0,Guitar Hero: Van Halen,X360,2009.0,Misc,Activision,0.16,0.1,0.0,0.03,0.3
5558.0,Sniper Elite 3,XOne,2014.0,Shooter,505 Games,0.19,0.11,0.0,0.03,0.33
16147.0,Pet Shop Monogatari DS 2,DS,2010.0,Simulation,Taito,0.0,0.0,0.01,0.0,0.01
5684.0,Power Rangers: Time Force,PS,2001.0,Action,THQ,0.18,0.12,0.0,0.02,0.32
4503.0,SSX Tricky,XB,2001.0,Sports,Electronic Arts,0.32,0.09,0.0,0.02,0.43
1238.0,NBA Live 2000,PS,1998.0,Sports,Electronic Arts,1.43,0.05,0.0,0.03,1.52
4357.0,PES 2009: Pro Evolution Soccer,Wii,2009.0,Sports,Konami Digital Entertainment,0.09,0.26,0.05,0.05,0.45
2845.0,Kangaroo,2600,1982.0,Platform,Atari,0.67,0.04,0.0,0.01,0.72
14625.0,The Croods: Prehistoric Party!,WiiU,2013.0,Misc,D3Publisher,0.01,0.01,0.0,0.0,0.03
13957.0,Ragnarok Odyssey,PS3,2014.0,Role-Playing,GungHo,0.03,0.01,0.0,0.01,0.04
13073.0,Over the Hedge: Hammy Goes Nuts!,PSP,2006.0,Platform,Activision,0.05,0.0,0.0,0.0,0.05
10336.0,My Boyfriend,DS,2008.0,Simulation,DTP Entertainment,0.1,0.0,0.0,0.01,0.11
9497.0,RealSports Volleyball,2600,1981.0,Sports,Atari,0.12,0.01,0.0,0.0,0.13
15338.0,Mystery Tales 2: The Spirit Mask,DS,2011.0,Puzzle,Unknown,0.0,0.02,0.0,0.0,0.02
15447.0,Spanish for Everyone!,DS,2007.0,Puzzle,Activision,0.02,0.0,0.0,0.0,0.02
14641.0,Syberia II,XB,2004.0,Adventure,Ubisoft,0.02,0.01,0.0,0.0,0.03
10826.0,Disney's Aladdin in Nasira's Revenge,PS,2000.0,Action,Sony Computer Entertainment,0.05,0.04,0.0,0.01,0.09
1090.0,Star Wars: Battlefront II,XB,2005.0,Shooter,Activision,1.22,0.39,0.0,0.06,1.67
7602.0,Rock Band Track Pack: Classic Rock,PS2,2009.0,Misc,MTV Games,0.1,0.08,0.0,0.03,0.2
7541.0,The Ultimate Red Ball Challenge,Wii,2009.0,Misc,Mindscape,0.0,0.19,0.0,0.01,0.2
13498.0,Nobunaga's Ambition (3DS),3DS,2013.0,Simulation,Tecmo Koei,0.0,0.0,0.04,0.0,0.04
16373.0,Gobliiins 4,PC,2009.0,Adventure,Kalypso Media,0.0,0.01,0.0,0.0,0.01
14416.0,Harry Potter and the Half-Blood Prince,PC,2009.0,Action,Electronic Arts,0.0,0.03,0.0,0.01,0.03
11334.0,SaGa 3: Jikuu no Hasha - Shadow or Light,DS,2011.0,Role-Playing,Square Enix,0.0,0.0,0.08,0.0,0.08
1885.0,The Godfather,PS2,2006.0,Action,Electronic Arts,0.89,0.03,0.01,0.15,1.09
10821.0,Playboy: The Mansion,XB,2005.0,Simulation,Ubisoft,0.07,0.02,0.0,0.0,0.09
1934.0,World Tour Soccer,PSP,2005.0,Sports,Sony Computer Entertainment,0.1,0.63,0.0,0.34,1.07
7755.0,"Ni Hao, Kai-lan: Super Game Day",Wii,2009.0,Misc,Take-Two Interactive,0.18,0.0,0.0,0.01,0.19
15799.0,NHL 16,X360,2015.0,Sports,Electronic Arts,0.0,0.02,0.0,0.0,0.02
1326.0,4 Nin uchi Mahjong,NES,1984.0,Misc,Nintendo,0.0,0.0,1.45,0.0,1.45
9524.0,Nintendo Puzzle Collection,GC,,Puzzle,Unknown,0.0,0.0,0.13,0.0,0.13
11046.0,Ratchet & Clank Future: Quest for Booty,PS3,2008.0,Platform,Sony Computer Entertainment,0.01,0.06,0.0,0.02,0.09
7721.0,Marvel Super Hero Squad: Comic Combat,Wii,2011.0,Action,THQ,0.15,0.03,0.0,0.01,0.2
5491.0,Legends of Wrestling II,PS2,2002.0,Fighting,Acclaim Entertainment,0.16,0.13,0.0,0.04,0.33
15958.0,"Sharin no Kuni, Himawari no Shoujo",X360,2010.0,Adventure,5pb,0.0,0.0,0.02,0.0,0.02
12855.0,Miracle Girls Festival,PSV,2015.0,Misc,Sega,0.0,0.0,0.05,0.0,0.05
12429.0,DreamWorks Super Star Kartz,X360,2011.0,Racing,Activision,0.05,0.01,0.0,0.0,0.06
2868.0,Dynasty Warriors 6,PS3,2007.0,Action,Tecmo Koei,0.18,0.08,0.41,0.04,0.71
3847.0,Mission: Impossible,PS,1999.0,Action,Infogrames,0.29,0.2,0.0,0.03,0.52
6106.0,All Star Cheer Squad,DS,2008.0,Sports,THQ,0.26,0.0,0.0,0.02,0.28
16180.0,Rail Simulator,PC,2007.0,Simulation,Electronic Arts,0.0,0.01,0.0,0.0,0.01
4366.0,Rampage World Tour,N64,1998.0,Action,GT Interactive,0.36,0.08,0.0,0.01,0.45
7225.0,ECW Hardcore Revolution,N64,2000.0,Fighting,Acclaim Entertainment,0.18,0.04,0.0,0.0,0.22
7872.0,Family Game Night 4: The Game Show,Wii,2011.0,Misc,Electronic Arts,0.13,0.04,0.0,0.01,0.19
5550.0,Eternal Sonata,X360,2007.0,Role-Playing,Atari,0.19,0.04,0.08,0.02,0.33
9484.0,Just Dance: Disney Party,Wii,2012.0,Misc,Ubisoft,0.01,0.1,0.0,0.02,0.13
4310.0,Tales of Vesperia,PS3,2009.0,Role-Playing,Namco Bandai Games,0.0,0.0,0.45,0.0,0.45
14771.0,Buffy the Vampire Slayer: Chaos Bleeds,GC,2003.0,Action,Vivendi Games,0.02,0.01,0.0,0.0,0.03
7573.0,Harvest Moon: More Friends of Mineral Town,GBA,2003.0,Simulation,Ubisoft,0.14,0.05,0.0,0.0,0.2
8312.0,Cabela's Legendary Adventures,PSP,2008.0,Sports,Activision,0.16,0.0,0.0,0.01,0.17
16062.0,Alfa Romeo Racing Italiano,PS2,2005.0,Racing,Black Bean Games,0.01,0.01,0.0,0.0,0.01
8215.0,Stormrise,PS3,2009.0,Strategy,Sega,0.13,0.02,0.0,0.02,0.17
8796.0,The Secret Saturdays: Beasts of the 5th Sun,PS2,2009.0,Action,D3Publisher,0.05,0.02,0.0,0.08,0.15
8478.0,Alien Resurrection,PS,2000.0,Shooter,Fox Interactive,0.09,0.06,0.0,0.01,0.16
1144.0,Baseball,GB,1989.0,Sports,Nintendo,0.66,0.27,0.65,0.03,1.61
4431.0,DmC: Devil May Cry,X360,2013.0,Action,Capcom,0.26,0.13,0.01,0.04,0.44
12005.0,The Guy Game,XB,2004.0,Misc,Gathering of Developers,0.05,0.02,0.0,0.0,0.07
7039.0,Last Window: The Secret of Cape West,DS,2010.0,Adventure,Nintendo,0.0,0.12,0.09,0.02,0.23
6072.0,Dragon Ball Heroes: Ultimate Mission,3DS,2013.0,Misc,Namco Bandai Games,0.0,0.0,0.29,0.0,0.29
8035.0,Borderlands,PC,2009.0,Shooter,Take-Two Interactive,0.01,0.14,0.0,0.04,0.18
2679.0,LEGO Batman 2: DC Super Heroes,DS,2012.0,Action,Warner Bros. Interactive Entertainment,0.43,0.27,0.0,0.06,0.77
13179.0,Yu-Gi-Oh! World Championship 2007,DS,2007.0,Strategy,Konami Digital Entertainment,0.0,0.01,0.04,0.0,0.05
16008.0,Sengoku Hime: Senran ni Mau Otometachi,PSP,2009.0,Adventure,Yeti,0.0,0.0,0.01,0.0,0.01
9499.0,Smart Boy's Gameroom,DS,2007.0,Misc,505 Games,0.12,0.0,0.0,0.01,0.13
56.0,Call of Duty: Modern Warfare 2,PS3,2009.0,Shooter,Activision,4.99,3.69,0.38,1.63,10.69
1878.0,Virtua Fighter 5,PS3,2007.0,Fighting,Sega,0.29,0.52,0.08,0.2,1.09
15308.0,Rugby League Team Manager 2015,PC,2015.0,Action,Alternative Software,0.0,0.02,0.0,0.0,0.02
14949.0,Jikkyou Powerful Pro Yakyuu 12 Ketteiban,GC,2005.0,Sports,Konami Digital Entertainment,0.0,0.0,0.02,0.0,0.02
16521.0,Crossroad Crisis,PS,2000.0,Puzzle,Success,0.01,0.0,0.0,0.0,0.01
7858.0,The Amazing Spider-Man (Console Version),3DS,2012.0,Action,Activision,0.15,0.03,0.0,0.01,0.19
1442.0,FIFA Soccer 08,PSP,2007.0,Sports,Electronic Arts,0.2,0.76,0.0,0.39,1.35
5957.0,Just Dance Kids 2,Wii,2011.0,Misc,Ubisoft,0.28,0.0,0.0,0.02,0.29
6583.0,Armored Core: Master of Arena,PS,1999.0,Simulation,From Software,0.07,0.05,0.13,0.02,0.26
13398.0,Hakuouki: Bakumatsu Musou Roku,PSP,2012.0,Action,Idea Factory,0.0,0.0,0.05,0.0,0.05
16558.0,Codename: Panzers Complete Collection,PC,2016.0,Strategy,Nordic Games,0.0,0.01,0.0,0.0,0.01
10973.0,New Legends,XB,2002.0,Action,THQ,0.07,0.02,0.0,0.0,0.09
16135.0,Festa!! Hyper Girls Party,PS2,2006.0,Adventure,KID,0.0,0.0,0.01,0.0,0.01
962.0,Virtua Fighter 4,PS2,2002.0,Fighting,Sega,0.78,0.44,0.56,0.04,1.81
3691.0,SingStar Summer Party,PS2,2008.0,Misc,Sony Computer Entertainment,0.0,0.06,0.0,0.48,0.54
4680.0,Jampack Spring 2004 (RP-T),PS2,2003.0,Misc,Sony Computer Entertainment,0.2,0.16,0.0,0.05,0.41
5037.0,Dora The Explorer: Dora Saves the Snow Princess,PS2,2008.0,Platform,Take-Two Interactive,0.19,0.15,0.0,0.05,0.38
8277.0,Disney's Atlantis: The Lost Empire,PS,2001.0,Platform,Sony Computer Entertainment,0.1,0.07,0.0,0.01,0.17
8120.0,Daigasso! Band Brothers P,3DS,2013.0,Misc,Nintendo,0.0,0.0,0.18,0.0,0.18
9379.0,Rumble Roses XX,X360,2006.0,Fighting,Konami Digital Entertainment,0.07,0.01,0.04,0.01,0.13
14555.0,Popeye: Rush for Spinach,GBA,2005.0,Platform,Atari,0.02,0.01,0.0,0.0,0.03
9693.0,Tom Clancy's Splinter Cell Trilogy,PS3,2011.0,Action,Ubisoft,0.0,0.1,0.0,0.03,0.12
3362.0,Mickey's Speedway USA,N64,2000.0,Racing,Nintendo,0.37,0.08,0.14,0.01,0.6
6047.0,Madden NFL 08,XB,2007.0,Sports,Electronic Arts,0.22,0.06,0.0,0.01,0.29
15338.0,Mystery Tales 2: The Spirit Mask,DS,2011.0,Puzzle,Unknown,0.0,0.02,0.0,0.0,0.02
2945.0,X-Men Origins: Wolverine - Uncaged Edition,X360,2009.0,Action,Activision,0.42,0.21,0.0,0.06,0.69
1854.0,Triple Play 98,PS,1997.0,Sports,Electronic Arts,0.61,0.42,0.0,0.07,1.1
8100.0,Sesame Street: Elmo's Letter Adventure,N64,1999.0,Misc,NewKidCo,0.14,0.04,0.0,0.0,0.18
11769.0,Super Ghouls 'n Ghosts,GBA,2002.0,Platform,Capcom,0.05,0.02,0.0,0.0,0.07
7759.0,Parlor! Mini 4,SNES,1996.0,Misc,Nippon Telenet,0.0,0.0,0.19,0.0,0.19
8346.0,Time and Eternity,PS3,2012.0,Role-Playing,Nippon Ichi Software,0.06,0.03,0.06,0.02,0.17
3720.0,FIFA 99,N64,1998.0,Sports,Electronic Arts,0.11,0.39,0.0,0.03,0.54
11707.0,Mind Quiz: Your Brain Coach,DS,2006.0,Misc,Ubisoft,0.0,0.0,0.08,0.0,0.08
12435.0,Shonen Jump's Shaman King: Legacy of the Spirits - Soaring Hawk/Sprinting Wolf,GBA,2005.0,Action,Konami Digital Entertainment,0.04,0.02,0.0,0.0,0.06
1512.0,High School Musical 3: Senior Year DANCE!,Wii,2008.0,Misc,Disney Interactive Studios,0.68,0.49,0.0,0.13,1.31
14694.0,Battle Arena Toshinden URA,SAT,1995.0,Fighting,Sega,0.0,0.0,0.03,0.0,0.03
7482.0,Outlaw Golf 2,XB,2004.0,Sports,Global Star,0.15,0.04,0.0,0.01,0.21
14103.0,Turbo: Super Stunt Squad,DS,2013.0,Sports,D3Publisher,0.0,0.03,0.0,0.0,0.03
9888.0,HardBall 5,PS,1996.0,Sports,SPS,0.07,0.04,0.0,0.01,0.12
1608.0,Ridge Racer V,PS2,2000.0,Action,Namco Bandai Games,0.24,0.19,0.75,0.06,1.24
9389.0,Venetica,X360,2010.0,Role-Playing,DTP Entertainment,0.09,0.03,0.0,0.01,0.13
8182.0,Captain America: Super Soldier,X360,2011.0,Action,Sega,0.11,0.05,0.0,0.01,0.18
13694.0,Rise of Nations,PC,2003.0,Strategy,Microsoft Game Studios,0.01,0.02,0.0,0.01,0.04
550.0,L.A. Noire,X360,2011.0,Adventure,Take-Two Interactive,1.52,0.94,0.02,0.24,2.72
11017.0,Ben 10 Galactic Racing,PS3,2011.0,Racing,D3Publisher,0.06,0.02,0.0,0.01,0.09
9756.0,WRC 5: FIA World Rally Championship,PS3,2015.0,Sports,Bigben Interactive,0.02,0.09,0.0,0.02,0.12
12080.0,Motor Toon Grand Prix (Japan),PS,1994.0,Racing,Sony Computer Entertainment,0.0,0.0,0.06,0.0,0.07
10194.0,The Adventures of Jimmy Neutron Boy Genius: Jet Fusion,GC,2003.0,Action,THQ,0.09,0.02,0.0,0.0,0.11
6665.0,Bomberman Tournament,GBA,2001.0,Puzzle,Activision,0.1,0.04,0.1,0.01,0.25
4677.0,Zone of the Enders: The 2nd Runner,PS2,2003.0,Simulation,Konami Digital Entertainment,0.15,0.12,0.11,0.04,0.41
11681.0,The Legend of Kage 2,DS,2008.0,Action,Square Enix,0.07,0.0,0.0,0.0,0.08
15805.0,Football Academy,DS,2009.0,Sports,Electronic Arts,0.0,0.01,0.0,0.0,0.02
13280.0,Monster Hunter Frontier Online,PS3,,Role-Playing,,0.0,0.0,0.05,0.0,0.05
3970.0,Crash: Mind Over Mutant,PS2,2008.0,Platform,Vivendi Games,0.25,0.19,0.0,0.06,0.5
4390.0,NHL FaceOff,PS,1994.0,Sports,Sony Computer Entertainment,0.25,0.17,0.0,0.03,0.45
2660.0,DJ Hero,Wii,2009.0,Misc,Activision,0.47,0.23,0.0,0.07,0.77
14398.0,Ratatouille,PC,2007.0,Action,THQ,0.01,0.01,0.0,0.0,0.03
11396.0,PoPoLoCrois (JP sales),PSP,2005.0,Role-Playing,Ignition Entertainment,0.0,0.0,0.08,0.0,0.08
13326.0,National Geographic Challenge!,PS3,2011.0,Misc,Black Bean Games,0.01,0.03,0.0,0.01,0.05
7017.0,Imagine: Detective,DS,2009.0,Simulation,Ubisoft,0.16,0.01,0.0,0.06,0.23
3078.0,Toy Story 3: The Video Game,PSP,2010.0,Action,Disney Interactive Studios,0.27,0.25,0.0,0.14,0.66
7067.0,Tetris 2 (weekly jp sales),GB,1992.0,Puzzle,Nintendo,0.0,0.0,0.23,0.0,0.23
2162.0,Lost Planet 2,PS3,2010.0,Shooter,Capcom,0.29,0.34,0.2,0.13,0.96
10071.0,Stubbs the Zombie in Rebel Without a Pulse,XB,2005.0,Action,THQ,0.08,0.02,0.0,0.0,0.11
4480.0,Power Rangers: S.P.D.,GBA,2004.0,Action,THQ,0.31,0.12,0.0,0.01,0.44
5574.0,God of War Collection,PSV,2014.0,Action,Sony Computer Entertainment,0.14,0.1,0.01,0.07,0.33
5528.0,SSX Blur,Wii,2007.0,Sports,Electronic Arts,0.29,0.01,0.0,0.03,0.33
1885.0,The Godfather,PS2,2006.0,Action,Electronic Arts,0.89,0.03,0.01,0.15,1.09
4482.0,SingStar Motown,PS2,2009.0,Misc,Sony Computer Entertainment,0.0,0.06,0.0,0.38,0.44
9109.0,Yu-Gi-Oh! Monster Capture GB,GB,2000.0,Role-Playing,Konami Digital Entertainment,0.0,0.0,0.14,0.0,0.14
576.0,LEGO Star Wars: The Complete Saga,X360,2007.0,Action,LucasArts,1.53,0.87,0.0,0.24,2.64
16450.0,Legacy of Kain: Defiance,PC,2003.0,Action,Eidos Interactive,0.0,0.01,0.0,0.0,0.01
2191.0,WWE SmackDown vs. Raw 2009,PS3,2008.0,Fighting,THQ,0.51,0.31,0.01,0.13,0.95
9033.0,Thunder Truck Rally,PS,1997.0,Racing,Psygnosis,0.08,0.05,0.0,0.01,0.14
5284.0,Batman: Rise of Sin Tzu,PS2,2003.0,Action,Ubisoft,0.17,0.13,0.0,0.05,0.35
7283.0,Saltwater Sportfishing,PS,2001.0,Sports,Take-Two Interactive,0.12,0.08,0.0,0.01,0.22
3077.0,Wario: Master of Disguise,DS,2007.0,Platform,Nintendo,0.28,0.02,0.33,0.03,0.66
5409.0,Bookworm,DS,2009.0,Puzzle,PopCap Games,0.31,0.01,0.0,0.02,0.34
11819.0,I-Ninja,XB,2003.0,Platform,Namco Bandai Games,0.05,0.02,0.0,0.0,0.07
6382.0,F1 2016 (Codemasters),PS4,2016.0,Racing,Codemasters,0.01,0.21,0.01,0.04,0.27
11665.0,Pitfall: The Lost Expedition,GC,2004.0,Platform,Activision,0.06,0.02,0.0,0.0,0.08
4138.0,Tiger Woods PGA Tour 06,XB,2005.0,Sports,Electronic Arts,0.35,0.11,0.0,0.02,0.48
14458.0,Kyokugen Dasshutsu ADV: Zennin Shiboudesu,3DS,2012.0,Adventure,ChunSoft,0.0,0.0,0.03,0.0,0.03
4830.0,NFL Quarterback Club 2000,N64,1999.0,Sports,Acclaim Entertainment,0.37,0.03,0.0,0.0,0.4
12655.0,Honeycomb Beat,DS,2006.0,Puzzle,Konami Digital Entertainment,0.05,0.0,0.0,0.0,0.06
8876.0,Virtua Tennis 4,Wii,2011.0,Sports,Sega,0.05,0.08,0.0,0.02,0.15
1896.0,Prince of Persia,PS3,2008.0,Action,Ubisoft,0.47,0.41,0.03,0.18,1.08
6568.0,Marvel Super Heroes vs. Street Fighter,PS,1998.0,Fighting,Virgin Interactive,0.14,0.1,0.0,0.02,0.26
5116.0,Madden NFL 11,PSP,2010.0,Sports,Electronic Arts,0.35,0.0,0.0,0.03,0.37
15894.0,Trigger Man,GC,2004.0,Shooter,Crave Entertainment,0.01,0.0,0.0,0.0,0.02
3244.0,Vanquish,PS3,2010.0,Shooter,Sega,0.21,0.22,0.11,0.09,0.62
10117.0,Gun Metal,XB,2002.0,Shooter,Rage Software,0.08,0.02,0.0,0.0,0.11
9179.0,Eragon,X360,2006.0,Action,Vivendi Games,0.12,0.01,0.0,0.01,0.14
6659.0,The Powerpuff Girls: Chemical X-Traction,PS,2001.0,Action,BAM! Entertainment,0.14,0.1,0.0,0.02,0.25
983.0,Wii Party U,WiiU,2013.0,Misc,Nintendo,0.31,0.54,0.84,0.08,1.77
13930.0,Shin Hayarigami,PS3,2014.0,Adventure,Nippon Ichi Software,0.0,0.0,0.04,0.0,0.04
7801.0,DanceMasters,X360,2010.0,Misc,Konami Digital Entertainment,0.15,0.02,0.02,0.01,0.19
7481.0,BeyBlade VForce: Super Tournament Battle,GC,2002.0,Action,Atari,0.16,0.04,0.0,0.01,0.21
5995.0,NBA Live 06,X360,2005.0,Sports,Electronic Arts,0.27,0.0,0.0,0.02,0.29
13619.0,Hana to Ikimo no Rittai Zukan,3DS,2011.0,Misc,Nintendo,0.0,0.0,0.04,0.0,0.04
5980.0,Fisherman's Bait 2: Big Ol' Bass,PS,1999.0,Sports,Konami Digital Entertainment,0.16,0.11,0.0,0.02,0.29
10311.0,Final Fantasy I & II,NES,1994.0,Role-Playing,Square,0.0,0.0,0.11,0.0,0.11
501.0,Call of Duty: Finest Hour,PS2,2004.0,Shooter,Activision,1.51,1.12,0.01,0.24,2.89
6738.0,Pirates of the Caribbean: The Legend of Jack Sparrow,PS2,2006.0,Adventure,Ubisoft,0.12,0.09,0.0,0.03,0.25
2107.0,Pro Evolution Soccer 2008,PSP,2008.0,Sports,Konami Digital Entertainment,0.02,0.53,0.19,0.25,0.98
14084.0,Hitman: Blood Money,PC,2006.0,Action,Eidos Interactive,0.0,0.03,0.0,0.01,0.04
4403.0,Celebrity Sports Showdown,Wii,2008.0,Sports,Electronic Arts,0.18,0.22,0.0,0.05,0.45
7899.0,Phantasy Star Universe,PS2,2006.0,Role-Playing,Sega,0.0,0.0,0.19,0.0,0.19
6393.0,The Sims 2: Pets,GC,2006.0,Simulation,Electronic Arts,0.21,0.05,0.0,0.01,0.27
14920.0,ZooCube,GC,2002.0,Puzzle,Acclaim Entertainment,0.02,0.0,0.0,0.0,0.02
8998.0,Shadow Hearts: From The New World,PS2,2005.0,Role-Playing,Ghostlight,0.07,0.06,0.0,0.02,0.14
7466.0,X-Men: Children of the Atom,SAT,1995.0,Fighting,Acclaim Entertainment,0.0,0.0,0.21,0.0,0.21
14.0,Wii Fit,Wii,2007.0,Sports,Nintendo,8.94,8.03,3.6,2.15,22.72
3847.0,Mission: Impossible,PS,1999.0,Action,Infogrames,0.29,0.2,0.0,0.03,0.52
14607.0,Power Poke Dash,GBA,2006.0,Sports,Konami Digital Entertainment,0.0,0.0,0.03,0.0,0.03
14773.0,Brothers Conflict: Passion Pink,PSP,2012.0,Action,Idea Factory,0.0,0.0,0.03,0.0,0.03
226.0,Tony Hawk's Pro Skater 2,PS,2000.0,Sports,Activision,3.05,1.41,0.02,0.2,4.68
1267.0,Pac-Man World,PS,1998.0,Action,Namco Bandai Games,1.21,0.14,0.1,0.04,1.5
2410.0,SingStar '90s,PS2,2007.0,Misc,Sony Computer Entertainment,0.1,0.59,0.0,0.18,0.87
11557.0,RoadKill,XB,2003.0,Action,Midway Games,0.06,0.02,0.0,0.0,0.08
14209.0,Crazy Chicken: Star Karts,DS,2008.0,Racing,Phenomedia,0.03,0.0,0.0,0.0,0.03
9769.0,The X Files: Resist or Serve,PS2,2004.0,Adventure,Vivendi Games,0.06,0.05,0.0,0.02,0.12
3912.0,Monsters vs. Aliens,DS,2009.0,Action,Activision,0.33,0.13,0.0,0.05,0.51
1589.0,Dragon Ball: Daimaou Fukkatsu,NES,1988.0,Role-Playing,Namco Bandai Games,0.0,0.0,1.25,0.0,1.25
11862.0,Squishy Tank,DS,2010.0,Puzzle,Natsume,0.07,0.0,0.0,0.0,0.07
2223.0,Buzz! Quiz World,PS3,2009.0,Misc,Sony Computer Entertainment,0.16,0.58,0.0,0.2,0.93
497.0,Sega Superstars Tennis,X360,2008.0,Sports,Sega,1.75,0.86,0.0,0.28,2.9
15622.0,"Shounen Onmyouji: Tsubasa Yoima, Ten e Kaere",PS2,2007.0,Adventure,Kadokawa Shoten,0.0,0.0,0.02,0.0,0.02
9395.0,Rugby 15,PS3,2015.0,Sports,Bigben Interactive,0.02,0.09,0.0,0.02,0.13
15016.0,Xenosaga IÂ·II,DS,2006.0,Role-Playing,Namco Bandai Games,0.0,0.0,0.02,0.0,0.02
12508.0,Olympic Hockey 98,N64,1998.0,Sports,GT Interactive,0.05,0.01,0.0,0.0,0.06
6158.0,Yu-Gi-Oh! World Championship 2008,DS,2007.0,Strategy,Konami Digital Entertainment,0.13,0.02,0.12,0.01,0.28
8695.0,Kingdom Hearts: Birth by Sleep - Final Mix,PSP,2011.0,Role-Playing,Square Enix,0.0,0.0,0.16,0.0,0.16
7048.0,Perfect Weapon,PS,1996.0,Action,American Softworks,0.13,0.09,0.0,0.02,0.23
13345.0,Galaxy Racers,DS,2010.0,Racing,Ubisoft,0.04,0.0,0.0,0.0,0.05
10436.0,Kamen Rider: Battride War II,PS3,2014.0,Action,Namco Bandai Games,0.0,0.0,0.1,0.0,0.1
15077.0,Bottom of the 9th '97,PS,1997.0,Sports,Konami Digital Entertainment,0.01,0.01,0.0,0.0,0.02
749.0,ATV Offroad Fury 2,PS2,2002.0,Racing,THQ,1.92,0.2,0.0,0.06,2.18
191.0,Medal of Honor: Rising Sun,PS2,2003.0,Shooter,Electronic Arts,1.98,2.23,0.13,0.8,5.13
14484.0,Power Rangers Super Megaforce,3DS,2014.0,Action,Namco Bandai Games,0.01,0.01,0.0,0.0,0.03
1004.0,Star Wars: Starfighter,PS2,2001.0,Simulation,Activision,0.61,0.87,0.02,0.26,1.76
15227.0,Umineko no Naku Koro ni: Majo to Suiri no Rinbukyoku,PS3,2010.0,Adventure,Alchemist,0.0,0.0,0.02,0.0,0.02
15993.0,Shinseiki Evangelion: Battle Orchestra Portable,PSP,2009.0,Fighting,Broccoli,0.0,0.0,0.01,0.0,0.01
5753.0,Cabela's Outdoor Adventures (2009),Wii,2009.0,Sports,Activision Value,0.29,0.0,0.0,0.02,0.31
15887.0,GTI Club: Supermini Festa!,Wii,2010.0,Racing,Konami Digital Entertainment,0.01,0.0,0.0,0.0,0.02
